COINTRIG_cut,COINTRIG_scaler,COIN_PS,CPULT_phys,CPULT_scaler,CPULT_scaler_uncern,HMSTRIG_cut,HMSTRIG_scaler,HMS_PS,HMS_eLT_scaler,HMS_eLT_scaler_uncern,HMS_scaler_accp,HMS_track,HMS_track_uncern,PS1,PS2,PS3,PS4,PS5,PS6,SHMSTRIG_cut,SHMSTRIG_scaler,SHMS_PS,SHMS_eLT_scaler,SHMS_eLT_scaler_uncern,SHMS_scaler_accp,SHMS_track,SHMS_track_uncern,TLT,TLT_ELT,accp_edtm,c_int_Track_events,c_int_noTrack_events,charge,curr_corr,current,hTLT,h_int_etotnorm_evts,h_int_etottracknorm_evts,haccp_edtm,min_yield_COIN_notrack,min_yield_COIN_scaler,min_yield_COIN_track,min_yield_HMS_CPULT_notrack,min_yield_HMS_CPULT_track,min_yield_HMS_notrack,min_yield_HMS_scaler,min_yield_HMS_track,min_yield_SHMS_CPULT_notrack,min_yield_SHMS_CPULT_track,min_yield_SHMS_notrack,min_yield_SHMS_scaler,min_yield_SHMS_track,pTLT,p_int_etotnorm_evts,p_int_etottracknorm_evts,paccp_edtm,rate_COIN,rate_HMS,rate_SHMS,run number,sent_edtm,sent_edtm_HMS,sent_edtm_PS,sent_edtm_SHMS,time,tot_events,uncern_COIN_evts_notrack,uncern_COIN_evts_scaler,uncern_COIN_evts_track,uncern_CPULT_phys,uncern_HMS_evts_notrack,uncern_HMS_evts_scaler,uncern_HMS_evts_track,uncern_SHMS_evts_notrack,uncern_SHMS_evts_scaler,uncern_SHMS_evts_track,uncern_TLT,uncern_TLT_ELT,uncern_charge,uncern_yieldRel_COIN_notrack,uncern_yieldRel_COIN_scaler,uncern_yieldRel_COIN_track,uncern_yieldRel_HMS_CPULT_notrack,uncern_yieldRel_HMS_CPULT_track,uncern_yieldRel_HMS_notrack,uncern_yieldRel_HMS_scaler,uncern_yieldRel_HMS_track,uncern_yieldRel_SHMS_CPULT_notrack,uncern_yieldRel_SHMS_CPULT_track,uncern_yieldRel_SHMS_notrack,uncern_yieldRel_SHMS_scaler,uncern_yieldRel_SHMS_track,yieldRel_COIN_notrack,yieldRel_COIN_scaler,yieldRel_COIN_track,yieldRel_HMS_CPULT_notrack,yieldRel_HMS_CPULT_track,yieldRel_HMS_notrack,yieldRel_HMS_scaler,yieldRel_HMS_track,yieldRel_SHMS_CPULT_notrack,yieldRel_SHMS_CPULT_track,yieldRel_SHMS_notrack,yieldRel_SHMS_scaler,yieldRel_SHMS_track,yield_COIN_notrack,yield_COIN_scaler,yield_COIN_track,yield_HMS_CPULT_notrack,yield_HMS_CPULT_track,yield_HMS_notrack,yield_HMS_scaler,yield_HMS_track,yield_SHMS_CPULT_notrack,yield_SHMS_CPULT_track,yield_SHMS_notrack,yield_SHMS_scaler,yield_SHMS_track
18207,1054527,1,1.49547464854973,1.49547464854973,0.002360798534958,42734,21072617,17,0.960512556956435,0.00156264882068,21061061,0.9972,0.002,1025,,,17,1,,,760461393,1025,0.960512556956435,0.00156264882068,760449837,0.9852,0.0123,0.8599861543786778,1.4400388127669361,9938,268415.624347459,1307786.68510661,79650.8953982863,0.997961848792933,68.68970246886325,5.765230183454483,1432632.80611412,1434602.99117722,3919,18.37863019279111,4.9242329230230855,3.7439430337051256,182.28004239974564,183.44727104670164,196.93653697578478,270.2355913692167,198.1976183567422,378.43054564504007,354.8134668046744,408.8588095769219,10012.959485598862,383.342764819231,218.8192281066113,76993.9460010321,69942.8935392187,2467,909.4078040576729,18172.699562664955,655810.1646318862,12218,11556,679.7647058823529,11556,11.274146341463414,1159.57549,2951983,0.0008744430780646186,0.0009738030895345148,0.0019301724115379187,0.002360798534958,0.0008354732591035657,0.00021784157238559143,0.0008348993712500269,0.003603891528603416,3.626280667225258e-05,0.0037811874035741846,0.008626966712840457,130912619.34244874,109.78799996042649,0.010125771385918747,0.001378364918705148,0.01619948576434752,0.0031962717940615657,0.005196271794061565,0.00877624407592739,0.002742392116827107,0.00900124769575033,0.007343054982266255,0.019643054982266255,0.009450527956866375,0.002733966818182654,0.015511366112097056,1.0409448281903024,2.6645817207651454,1.0675195243915736,1.1239863470688625,1.1215108294325806,1.8090953445758235,0.9804672631971699,1.8051109123423785,1.7543272250595545,1.7252788801218826,2.823651038105909,0.9554402017566523,2.776896710767843,19.131140048408046,13.121021035477236,3.9967322866900408,204.88027900044747,205.7381011087298,356.2769722197768,264.95715068824467,357.76868369602545,663.8910090192362,612.1521806609314,1154.4746021006217,9566.784031101763,1064.5032627231733
18498,1064160,1,1.49747690602916,1.49747690602916,0.002350542036426,42991,21321008,17,0.960603398414967,0.00155658915316,21309302,0.9974,0.002,1025,,,17,1,,,768755007,1025,0.960603398414967,0.00155658915316,768743301,0.9866,0.0124,0.8628053989407142,1.44208181303492,10100,278051.622616407,1337369.26345768,80492.6321724021,0.997956887357245,68.52289838081208,5.801725610797881,1458084.83952925,1460340.50031113,3995,18.37863019279111,4.9242329230230855,3.7439430337051256,182.28004239974564,183.44727104670164,196.93653697578478,270.2355913692167,198.1976183567422,378.43054564504007,354.8134668046744,408.8588095769219,10012.959485598862,383.342764819231,219.95557833589612,78249.1452019248,70902.1085982881,2512,905.9130702142237,18150.4471295125,654436.5590079753,12219,11706,688.5882352941177,11706,11.420487804878048,1174.682246,3006316,0.0008647176651231438,0.0009693855345213105,0.00189643203575172,0.002350542036426,0.000828149230771928,0.00021656892133207535,0.0008275093986088028,0.00357486955289414,3.6066667932705554e-05,0.0037555229858766705,0.008585550985507133,131098346.63953818,110.94822116156146,0.010045749773615631,0.0013783649281583026,0.01621428599709785,0.003178691267197928,0.005178691267197928,0.008734838679011002,0.0027334666337580633,0.008960882029596566,0.007303776517478142,0.019703776517478143,0.009401663040129021,0.002725112574687047,0.015561210361669431,1.0499229653931723,2.660704391394015,1.088942538813519,1.1304843440201662,1.1279617928141998,1.8160368460391794,0.9816547400757542,1.8119845599900295,1.7619323958434232,1.725892604540391,2.8304099636648012,0.955764677586614,2.772514788666517,19.296145911879734,13.10192816253451,4.076938832296047,206.06473416024454,206.92151273671004,357.6440074793824,265.27804920476615,359.1310242892133,666.7690379486994,612.3699383495251,1157.2380483586494,9570.032994441224,1062.8234845896286
17614,746737,1,1.30232345835328,1.30232345835328,0.001883314203095,31836,17713352,17,0.96804702657173,0.001462437544232,17701338,0.9976,0.0022,513,,,17,1,,,643535582,513,0.96804702657173,0.001462437544232,643523568,0.9905,0.0124,0.8835525220575995,1.2630392162529338,10615,226943.9900024,1123058.51710146,66343.9977575275,0.997455780616705,55.026701281817786,4.953970367904112,1126062.93014115,1128285.19037084,3501,18.37863019279111,4.9242329230230855,3.7439430337051256,182.28004239974564,183.44727104670164,196.93653697578478,270.2355913692167,198.1976183567422,378.43054564504007,354.8134668046744,408.8588095769219,10012.959485598862,383.342764819231,188.17970700849008,79823.8470461178,73338.8581798491,4407,619.3548056186978,14691.718349051369,533758.010247685,12221,12014,706.7058823529412,12014,23.419103313840157,1205.669179,2990678,0.0009436236283517088,0.0011572206229742497,0.002099136387319621,0.001883314203095,0.0009423639613288773,0.00023760174369389652,0.0009414354681800569,0.003539432813034792,3.941973656735484e-05,0.0036926056337313285,0.00857607046712176,114821746.93208489,91.44633677929237,0.00980373061649767,0.001378366391388805,0.01605303878020004,0.002825678164423877,0.005025678164423878,0.008737100686243537,0.0023458944744155757,0.00900982399392781,0.006801113407517726,0.019201113407517727,0.009379576920305797,0.0023341637072232507,0.015547876485357517,1.0451089971326588,2.254705159343126,1.0491821024781278,1.2185919631125957,1.2161466849926286,1.6624845815458262,0.9898474266960233,1.6591485697427835,1.2555953044336747,1.242174992266447,1.7129670123135787,0.9711956055969926,1.6946581257191198,19.20767176945992,11.102693377347434,3.928078023661084,222.1249947041532,223.0987905543904,327.4039562652717,267.49200471849724,328.83929502301487,475.1556161661857,440.7404153841277,700.3616534990663,9724.542251434337,649.6349313365433
6706,276828,1,1.29995715415127,1.29995715415127,0.003068675445434,11878,6541620,17,0.968043807457818,0.001859668770933,6537021,0.9975,0.0037,513,,,17,1,,,246161281,513,0.968043807457818,0.001859668770933,246156682,0.9898,0.0201,0.8891063274624919,1.260806936486927,4089,82036.4171201107,413838.853442663,25380.8116857633,0.99745439917289,54.99683945300476,4.975429441182866,419658.283275554,420265.022528646,1346,18.37863019279111,4.9242329230230855,3.7439430337051256,182.28004239974564,183.44727104670164,196.93653697578478,270.2355913692167,198.1976183567422,378.43054564504007,354.8134668046744,408.8588095769219,10012.959485598862,383.342764819231,190.63209393346378,30376.4584202533,27871.8746968931,1709,599.8494161885405,14174.819519439076,533398.7194072611,12223,4599,270.52941176470586,4599,8.964912280701755,461.495823,1128517,0.0015544772444552977,0.0019006186760478483,0.003491376285214127,0.003068675445434,0.0015436615976238076,0.0003909825220604718,0.001542546898181029,0.005737615364685676,6.373678137231391e-05,0.005989863279001679,0.013905516407943241,114618812.40790245,34.98408739481146,0.015700501534444404,0.0013783675568921564,0.02593538310249148,0.0046123370430578075,0.008312337043057807,0.014058669027379615,0.0033866699638157895,0.014537406055462677,0.010184658366994732,0.030284658366994732,0.015105744396305056,0.0033646290268846838,0.025143458667544163,1.0003819914639103,2.1837214669839216,0.9859725878848348,1.1892632665138088,1.1863707004132638,1.6094080392165815,0.9555177872904972,1.6054935828743546,1.2512403009647806,1.2371102527505273,1.6932804165957231,0.9710701702257697,1.6741584830164586,18.38565067264312,10.753153142434497,3.6914252018356417,216.77895864459705,217.63646744057726,316.95124582430157,258.2149143122529,318.20500441273,473.50754982716603,438.94337759802164,692.3126154092417,9723.286272144222,641.7765416250988
12209,512688,1,1.29463883289153,1.29463883289153,0.002239034612267,22343,12385700,17,0.968781144617872,0.001579753348178,12377108,0.9973,0.0027,513,,,17,1,,,450810776,513,0.968781144617872,0.001579753348178,450802184,0.9884,0.0148,0.8791899441340782,1.256379066361958,7554,160563.03051233,777027.571064273,46438.125779468,0.997401111769387,53.86918850564089,4.964269087523277,776374.765879212,778030.783948711,2509,18.37863019279111,4.9242329230230855,3.7439430337051256,182.28004239974564,183.44727104670164,196.93653697578478,270.2355913692167,198.1976183567422,378.43054564504007,354.8134668046744,408.8588095769219,10012.959485598862,383.342764819231,188.43435754189943,55403.5343984263,50727.4949855076,3156,594.7287073500065,14367.668739320945,522949.8448762861,12233,8592,505.4117647058824,8592,16.748538011695906,862.053561,2076534,0.001134440664236881,0.0013966044573307953,0.0024956128991937498,0.002239034612267,0.0011349175042703152,0.0002841448059488632,0.0011337090398459413,0.004248457367653823,4.709804232610643e-05,0.004439952170548076,0.010116177494188644,114216278.760178,64.0087694267275,0.011588513143930026,0.0013783667698138052,0.019126805814543655,0.0033739521165373153,0.006073952116537315,0.010272535217148078,0.002644600010927338,0.010621439628767257,0.007865858749731936,0.022665858749731937,0.011058315063825068,0.002629712754777622,0.01847501913533029,1.0382359106929047,2.210192660398745,1.0683917483008918,1.20750253355307,1.2056339431130225,1.645761097434797,0.9888538342670588,1.6432143090282998,1.2524935295786066,1.2374703129452682,1.7070814085200214,0.9720285499441815,1.68660557115616,19.08135385550059,10.883503464559482,3.999997843319164,220.1036130138539,221.17025674535833,324.110491218276,267.22350068087604,325.6811624991288,473.9818098153142,439.071131803976,697.955272538391,9732.882489436499,646.5480428065206
14067,414972,1,1.23436987986735,1.23436987986735,0.00211294497453,26289,12697915,17,0.977195726681232,0.00133603202835,12685844,0.9975,0.0026,513,,,17,1,,,465642595,513,0.977195726681232,0.00133603202835,465630524,0.9942,0.0155,0.9134288791318035,1.2075597928048134,11026,157673.158920084,802651.146429091,47572.742348677,0.996435350843197,39.27455237293969,5.540386049208848,733835.465342994,735864.745839252,3934,18.37863019279111,4.9242329230230855,3.7439430337051256,182.28004239974564,183.44727104670164,196.93653697578478,270.2355913692167,198.1976183567422,378.43054564504007,354.8134668046744,408.8588095769219,10012.959485598862,383.342764819231,208.92287300140833,52038.7069599833,48080.9864563079,4916,342.58776649559223,10482.997260058217,384419.8080985262,12234,12071,710.0588235294117,12071,23.530214424951268,1211.286685,2049864,0.0011161860355928005,0.0015523534208451576,0.002518379153326625,0.00211294497453,0.0011673488278965722,0.00028062980352911386,0.0011657381286269356,0.004383658879756391,4.634188013573366e-05,0.00456050898125548,0.008699257281727225,109778162.98225576,65.5728586786927,0.009622966769564117,0.0013783703743275538,0.018505587035372983,0.0032802938024265723,0.005880293802426572,0.008884800809724747,0.0025383448230747252,0.009257412458591522,0.00787497422860887,0.023374974228608868,0.009838366089781427,0.002523210043586539,0.01835874307561825,1.0086294371229192,1.7260463107371824,0.9807533973965961,1.1696498446177774,1.1683423752531215,1.462982965024245,0.9903062166890395,1.461347599178146,1.2056050214348388,1.1949899445653172,1.5079552372216436,0.981006013294809,1.494678035754902,18.537227426445185,8.499454069994568,3.6718848499656205,213.20382326978435,214.32922038840658,288.1147987864405,267.61598610357424,289.63561374845165,456.2377660939863,423.99852502794585,616.540783185726,9822.77346624978,572.9740107408616
13286,406787,1,1.23394519154493,1.23394519154493,0.002130173833307,25523,12486420,17,0.977268145887215,0.00133955552229,12474526,0.9974,0.0026,513,,,17,1,,,457812165,513,0.977268145887215,0.00133955552229,457800271,0.9926,0.0156,0.9121405750798722,1.2071998447609205,10849,163129.653497792,804308.270884963,46767.2529017006,0.996427516977934,39.18842976586918,5.5027745081553725,722516.004541308,725595.03962108,3850,18.37863019279111,4.9242329230230855,3.7439430337051256,182.28004239974564,183.44727104670164,196.93653697578478,270.2355913692167,198.1976183567422,378.43054564504007,354.8134668046744,408.8588095769219,10012.959485598862,383.342764819231,208.32268370607028,50898.3459219251,47078.4793535723,4830,340.8655157204872,10462.944963341026,383621.84564855264,12238,11894,699.6470588235294,11894,23.185185185185187,1193.394407,2011248,0.0011150355980401492,0.0015678931665464185,0.0024759025273422223,0.002130173833307,0.001176457558090439,0.00028299647793548165,0.001173958777848729,0.004432494092907663,4.6736516126465515e-05,0.004608809810858788,0.008757569098127497,109745440.43281095,64.46259810908275,0.009699555028332703,0.0013783704218169016,0.018651508320803104,0.003306631391397439,0.0059066313913974395,0.008943096438828704,0.00255296544950271,0.009313376074989704,0.007941038348026177,0.023541038348026178,0.009911706483338972,0.002537662286784892,0.0184824761710076,1.029579881951489,1.7208906510915105,1.0354060522130513,1.171854870774423,1.172409056038717,1.4673061861748062,0.9905899845569598,1.4680000941721747,1.199917556089915,1.1925647912504052,1.5024441139088833,0.9811287767267265,1.493237549509513,18.92226790432394,8.47406640102745,3.876501276239179,213.60575553111028,215.07524188074214,288.9661989884125,267.69267028117326,290.9541224123983,454.08545548016946,423.1380479727491,614.2875118686393,9824.002691519883,572.42181076087
22963,674263,1,1.23353505166958,1.23353505166958,0.001653328706495,42449,20713558,17,0.977283154066032,0.001179898865871,20693819,0.9974,0.002,513,,,17,1,,,759571877,513,0.977283154066032,0.001179898865871,759552138,0.9925,0.0121,0.9135214549875881,1.2068076322318713,18032,263277.769224558,1317120.21378222,77592.8150173355,0.996426307480943,39.17516665282526,5.486954759612949,1191126.44135502,1194215.92484961,6371,18.37863019279111,4.9242329230230855,3.7439430337051256,182.28004239974564,183.44727104670164,196.93653697578478,270.2355913692167,198.1976183567422,378.43054564504007,354.8134668046744,408.8588095769219,10012.959485598862,383.342764819231,209.10876944120776,84453.7456557194,78065.6983133845,8046,340.42282635231777,10457.889515178296,383493.68894048035,12239,19739,1161.1176470588234,19739,38.4775828460039,1980.663304,3326214,0.0008713392801332118,0.001217826263407474,0.0019489150316376344,0.001653328706495,0.0009162649362787325,0.00021972154675753628,0.0009150789620555325,0.0034410465046548814,3.628403370131179e-05,0.003579067388157281,0.00680309995105049,109709784.74835193,106.9516217794672,0.0075736012751996575,0.001378370171976159,0.014491770898325373,0.0025695936427737325,0.004569593642773732,0.00700154373752156,0.0021637184892726404,0.007281594242226587,0.006472745383124857,0.018572745383124856,0.007747443082861021,0.0021528392122525993,0.014367772072321133,1.014674697787471,1.7191758234291727,1.005772213481633,1.1647949468938528,1.1634104812768362,1.4557776419233086,0.9904473759360278,1.454047316687404,1.2004163697045416,1.1924188027717957,1.5002978135119505,0.9811342539802742,1.490302338204023,18.64833103661801,8.465622190195255,3.7655538721587436,212.31887230682096,213.42447789736536,286.6958074071504,267.65413235616137,288.18871514545515,454.2742217885278,423.08624929454015,613.4099780433548,9824.05753503775,571.2966187436948
12590,191066,1,1.0826946298866,1.0826946298866,0.00169542012486,36778,7990637,9,0.985765934049721,0.001180424964817,7978514,0.9975,0.0024,257,,,9,1,,,294761766,257,0.985765934049721,0.001180424964817,294749643,0.9951,0.0158,0.9464653963540378,1.067873995908951,11474,102153.452480876,493665.179017469,29833.2636631234,0.994291568963991,24.5251276781458,3.352635486265776,679596.749542509,682153.287076535,4516,18.37863019279111,4.9242329230230855,3.7439430337051256,182.28004239974564,183.44727104670164,196.93653697578478,270.2355913692167,198.1976183567422,378.43054564504007,354.8134668046744,408.8588095769219,10012.959485598862,383.342764819231,127.15383980862823,50264.2259113136,46857.8921203047,5998,157.07024541015343,6568.888837226154,242315.7595969467,12243,12123,1347.0,12123,47.17120622568093,1216.43663,2206694,0.0014232583894842044,0.0022877485784602485,0.0031287688235761978,0.00169542012486,0.001213037853571725,0.00035376046740391175,0.0012107626407088384,0.004460366041271104,5.8245774578175094e-05,0.004619645242022841,0.008836174218254831,97079454.173541,41.12166566022374,0.009437176946560065,0.0013783830735423464,0.018626695596786518,0.002908457978431725,0.005308457978431725,0.00902493077795248,0.002213489499718219,0.009338596015827752,0.0075341692396214445,0.02333416923962145,0.009993636972331972,0.002185813776908085,0.01869526089507072,0.9567535719307999,1.2250719704478157,0.9790952029982555,1.04480243375041,1.0446716755826269,1.1062371576932455,0.995325065188684,1.1060987109025404,1.0628829294850701,1.0620098489909398,1.1253807924753723,0.9923761211115515,1.1244563745633684,17.58382008414814,6.032539729951898,3.6656766645994243,190.44663192338217,191.64216802541813,217.8585149100429,268.9722575958682,219.22613016834623,402.2273669618337,376.8153963011841,460.1218511322137,9936.621895165714,431.0522155437305
16118,230062,1,1.08254951682339,1.08254951682339,0.00154361375132,44295,9640263,9,0.985746924705534,0.001127264730234,9625626,0.9978,0.0022,257,,,9,1,,1.0,355372259,257,0.985746924705534,0.001127264730234,355357622,0.9952,0.0144,0.9441825510692081,1.0677517371020793,13820,130970.910988997,610423.009647045,35974.3050675955,0.994284459746098,24.494622342029185,3.341258454601353,820587.573196142,823715.869179027,5434,18.37863019279111,4.9242329230230855,3.7439430337051256,182.28004239974564,183.44727104670164,196.93653697578478,270.2355913692167,198.1976183567422,378.43054564504007,354.8134668046744,408.8588095769219,10012.959485598862,383.342764819231,125.96283391405342,60638.4218072738,56514.5041948801,7174,156.64741249798314,6563.979513131437,241970.18562784427,12244,14637,1626.3333333333333,14637,56.95330739299611,1468.661348,2658863,0.0012799250888130477,0.0020848631562104068,0.002763201626333056,0.00154361375132,0.0011039198232207996,0.00032207391979464895,0.0011018216039651529,0.0040609351589042985,5.304668370630759e-05,0.004206491726544491,0.008031856778271536,97068339.73655266,49.586363904158155,0.008617627687167615,0.0013783828155139435,0.01698499203546429,0.0026475335745407996,0.0048475335745408,0.008223703634542546,0.002094376806856425,0.008512890312272812,0.006982931725708453,0.021382931725708453,0.009105045681242546,0.0020701440891731336,0.01703707301321191,0.9834645763996359,1.2230788304707991,1.0431162577387934,1.046351229520897,1.045958254839747,1.1104068018005357,0.9958257941190957,1.1099897699793142,1.0635159160735184,1.0622622486991586,1.1286222768351777,0.9922020299054735,1.1272918624003214,18.07473175735887,6.02272504445688,3.905367846505716,190.7289464820951,191.87818747912212,218.6796701809541,269.10757237449366,219.99732881024818,402.4669084218862,376.9049511166777,461.44716056882595,9934.878726972456,432.1391792907593
12380,183094,1,1.08271331722005,1.08271331722005,0.001733636167835,35108,7642222,9,0.985754898395898,0.001194106903302,7630651,0.9977,0.0024,257,,,9,1,,,281929208,257,0.985754898395898,0.001194106903302,281917637,0.9947,0.0161,0.9433929651715496,1.0678630189617022,10916,95751.1555483702,487137.751577302,28530.5180261426,0.99430209661279,24.570441175655574,3.3671247083225304,650663.940245941,653378.660967315,4329,18.37863019279111,4.9242329230230855,3.7439430337051256,182.28004239974564,183.44727104670164,196.93653697578478,270.2355913692167,198.1976183567422,378.43054564504007,354.8134668046744,408.8588095769219,10012.959485598862,383.342764819231,127.06740990407052,48034.0849633098,44693.975832536,5721,157.68029001412833,6581.470617892186,242797.0292903837,12245,11571,1285.6666666666667,11571,45.023346303501945,1161.172395,2107109,0.0014327621709394976,0.0023370227691558608,0.003231677302989339,0.001733636167835,0.0012397143565268196,0.0003617347034264772,0.0012371362333509033,0.004562734926569857,5.9556609297183586e-05,0.00473015644800924,0.009029809192090045,97078456.26924565,39.32598366334356,0.009670370041142247,0.0013783830924133645,0.01900742669178568,0.0029733505243618196,0.005373350524361819,0.009218149797037401,0.002244167174560927,0.009525454618054756,0.007674754186759123,0.023774754186759124,0.010210580003358399,0.0022156221025763194,0.019064782820818662,0.9904168088135712,1.2278795439169388,0.9629462713149991,1.0459685740138362,1.0460555239640765,1.1110978460606207,0.9953848612704892,1.1111902101189939,1.0620744722735336,1.0596157606373857,1.1282066094688263,0.9925028790962273,1.1255948013601713,18.20250426590892,6.04636487566236,3.6052159843221165,190.65919602004357,191.89603123453745,218.81576204443223,268.9884166253964,220.23525318691253,401.92142205814133,375.9659415126229,461.2772113042396,9937.89111773075,431.48862321956113
11590,178856,1,1.08302320255303,1.08302320255303,0.001756804779027,34351,7444375,9,0.985704745197728,0.001203956139998,7433104,0.9976,0.0025,257,,,9,1,,,274748554,257,0.985704745197728,0.001203956139998,274737283,0.9943,0.0162,0.9425960429420637,1.068160951491063,10624,92524.9075394468,465364.365524534,27804.8370802829,0.994305315535465,24.584329627373634,3.3433590630822465,635291.755158921,637743.908235399,4187,18.37863019279111,4.9242329230230855,3.7439430337051256,182.28004239974564,183.44727104670164,196.93653697578478,270.2355913692167,198.1976183567422,378.43054564504007,354.8134668046744,408.8588095769219,10012.959485598862,383.342764819231,126.0944015615296,46796.0973253289,43672.3216822912,5530,158.1399253352072,6582.126999749984,242925.6821997369,12246,11271,1252.3333333333333,11271,43.856031128404666,1130.998384,2058550,0.0014658969376162908,0.0023645485909395024,0.003287537157188789,0.001756804779027,0.0012546234206543467,0.00036651004254138433,0.0012522090567639696,0.004622694383590671,6.0329856497886854e-05,0.004785164364820556,0.009145337567471845,97105541.04464209,38.32571827920259,0.009799710092028029,0.0013783831270186846,0.019177382982706177,0.003011428199681347,0.005511428199681347,0.009333339123558155,0.0022628815010006208,0.00966236095348033,0.007757882289572955,0.023957882289572952,0.010339557177740622,0.002233817980022587,0.01921838813823281,0.9716598500228104,1.230995429254558,0.9560702835373652,1.047607817874563,1.0474740085157874,1.1140987926932846,0.9949185911294325,1.1139564905430723,1.0613990585254525,1.0625368292927222,1.1287653542602567,0.9924645982850031,1.1299753385850673,17.857777056752106,6.06170822082623,3.579472677782203,190.95799746048033,192.15624835457072,219.40675808191824,268.8624138380901,220.78352337867173,401.6658248649188,377.0023760089973,461.50565903452105,9937.507813518885,433.1678704707463
9826,154713,1,1.08254862724903,1.08254862724903,0.001887968593661,29626,6443136,9,0.985751695234837,0.001246411406772,6433382,0.9978,0.0026,257,,,9,1,,,237609059,257,0.985751695234837,0.001246411406772,237599305,0.9964,0.0176,0.9423826122616362,1.0677026115506532,9192,83140.253485414,416230.661437469,24041.6540749637,0.99430037086996,24.563001698151826,3.1953044904654497,549939.229221486,552304.589722827,3463,18.37863019279111,4.9242329230230855,3.7439430337051256,182.28004239974564,183.44727104670164,196.93653697578478,270.2355913692167,198.1976183567422,378.43054564504007,354.8134668046744,408.8588095769219,10012.959485598862,383.342764819231,120.33206889481238,40786.7206973296,37919.3121813421,4567,158.06797942757197,6582.856571180498,242761.65448163202,12247,9754,1083.7777777777778,9754,37.95330739299611,978.775085,1779818,0.0015500045228395687,0.0025423573614107926,0.0034681216915279393,0.001887968593661,0.0013484742250103356,0.00039395929427016687,0.001345583564563576,0.004951543577590913,6.487367530255339e-05,0.005135346762022071,0.009829767262552665,97063873.7773321,33.13862034391047,0.010521440222541117,0.0013783835439498755,0.02072421097028463,0.0032364428186713355,0.005836442818671335,0.010017117767373565,0.0023705633360351134,0.010349040939402605,0.008217895715103835,0.025817895715103834,0.011092432079156299,0.002338498492272197,0.020803895054308838,1.0053371244088725,1.231472311264966,0.9915067700578314,1.0492735615423985,1.0493903048360378,1.115633902687059,0.9958979697876098,1.115758029302909,1.070376016031167,1.065198145243209,1.1380709624972516,0.9926605477433267,1.1325656220345728,18.476719228594696,6.0640564989222785,3.7121448646294875,191.2616292868805,192.50778768503747,219.70907732796906,269.12707680895704,221.14058407024874,405.0629797920387,377.9466467476521,465.31033894068804,9939.469847506305,434.16083688994524
14315,209611,1,1.08261349318644,1.08261349318644,0.001617801651894,40694,8776034,9,0.985704933638972,0.001155670750638,8762767,0.9976,0.0023,257,,,9,1,,,323617380,257,0.985704933638972,0.001155670750638,323604113,0.9962,0.0149,0.9482173814728273,1.0677468595928006,12580,111677.061528192,568055.09501577,32746.9124461304,0.994308410435133,24.5976977792281,3.340996457375443,749262.419571971,753269.115848292,4925,18.37863019279111,4.9242329230230855,3.7439430337051256,182.28004239974564,183.44727104670164,196.93653697578478,270.2355913692167,198.1976183567422,378.43054564504007,354.8134668046744,408.8588095769219,10012.959485598862,383.342764819231,126.72751940906008,55563.5551993663,51874.2032864067,6542,157.44837128335263,6592.078944460579,243083.75705466705,12248,13267,1474.111111111111,13267,51.62256809338521,1331.299894,2429400,0.0013267978840981953,0.002184202827921951,0.002992388733355773,0.001617801651894,0.0011552687471915427,0.00033755990146911086,0.001152192169003857,0.004242335263574338,5.558838813599547e-05,0.004390604115900029,0.008454406213544308,97067896.32661822,45.13778051543699,0.009022021750397095,0.0013783827892470697,0.017618720231736423,0.0027730703990855427,0.005073070399085543,0.00864358544907367,0.002152014866476238,0.008944359642558995,0.00723851970467602,0.02213851970467602,0.009558992207642336,0.0021261023887269546,0.017702664545931127,1.0011010958090625,1.2245811648101332,0.9721479947047101,1.0494758075505517,1.0508967956341484,1.1090491146922212,0.9958805380269146,1.1105507649110855,1.0704639796548725,1.069973504253581,1.1312286766448045,0.992567617678278,1.1307103594947885,18.3988668254727,6.030122888672017,3.639666712505107,191.29849469782187,192.78414931080783,218.412291983546,269.122366126797,220.10851666963543,405.09626791415445,379.6410084333591,462.5128100922715,9938.539342529977,433.4496354184788
12160,113642,1,1.03083303859697,1.03083303859697,0.001409865615629,47416,5603614,5,0.989692753715622,0.001095755237856,5591867,0.9978,0.0021,129,,,5,1,,,207205542,129,0.989692753715622,0.001095755237856,207193795,0.9951,0.0141,0.9541159444964672,1.0205969644739068,11208,73393.0434987851,362851.212666959,20857.5827592162,0.992088260737353,17.69522419184991,1.8506852813484294,777627.717740619,780885.514036003,4348,18.37863019279111,4.9242329230230855,3.7439430337051256,182.28004239974564,183.44727104670164,196.93653697578478,270.2355913692167,198.1976183567422,378.43054564504007,354.8134668046744,408.8588095769219,10012.959485598862,383.342764819231,70.06214352600664,62574.7451067561,58382.1018810308,6380,96.41197116773542,4754.012349334916,175789.71455182933,12250,11747,2349.4,11747,91.06201550387597,1178.712546,2815742,0.0016601055847239507,0.0029664058288859153,0.003691242275923577,0.001409865615629,0.0011340028183436236,0.00042244083674402937,0.0011316348583090465,0.003997610299791086,6.947032273832124e-05,0.004138663689342563,0.00901269613174186,92781542.22490062,28.75014153861598,0.00954616279931852,0.0013784023717258176,0.017214280258990782,0.002543868433972624,0.004643868433972624,0.009187744394182065,0.0020164747487583182,0.0094246828621882,0.006785878286898743,0.02088587828689874,0.009955379087197456,0.0019729521731588666,0.01726034683225712,1.0,1.0,1.0,1.0,1.0,1.0,1.0,1.0,1.0,1.0,1.0,1.0,1.0,18.37863019279111,4.9242329230230855,3.7439430337051256,182.28004239974564,183.44727104670164,196.93653697578478,270.2355913692167,198.1976183567422,378.43054564504007,354.8134668046744,408.8588095769219,10012.959485598862,383.342764819231
11412,107700,1,1.03105739781507,1.03105739781507,0.001441818498399,45320,5360197,5,0.989691984137871,0.001108039344414,5348978,0.9976,0.0022,129,,,5,1,,,198197259,129,0.989691984137871,0.001108039344414,198186040,0.9961,0.0145,0.9598894732150816,1.020803681686435,10769,68164.767449337,339944.271353897,19950.8584654522,0.992100170743383,17.721902012342596,1.8072020679204919,743136.106114172,746350.006557026,4055,18.37863019279111,4.9242329230230855,3.7439430337051256,182.28004239974564,183.44727104670164,196.93653697578478,270.2355913692167,198.1976183567422,378.43054564504007,354.8134668046744,408.8588095769219,10012.959485598862,383.342764819231,67.93225777698547,59876.3539913376,55879.3597229114,5908,95.667504735919,4761.343285821345,176054.19883034972,12251,11219,2243.8,11219,86.96899224806202,1125.77411,2693877,0.0017151264184694457,0.003047138176680026,0.0038301873826406736,0.001441818498399,0.0011600209128209268,0.0004319262754124682,0.0011575206020402295,0.004086695939958798,7.103153140944915e-05,0.00423033041104469,0.00925022121069071,92800334.69876681,27.500312070374243,0.009734838003448392,0.001378402444375418,0.017650211916554307,0.002601839411219927,0.004801839411219927,0.009424024313569753,0.0020409297360705187,0.009677408447655491,0.006906916882442849,0.02140691688244285,0.010206256387640264,0.0019959657709088005,0.017731826455564235,0.9735454845830076,0.9898880846101935,0.9643462672570543,0.9988477397703999,0.9991826736459147,0.9930559755250178,1.0000256797323208,0.9933889673046883,1.0001356750856385,0.9993972309165366,0.9943364428174415,0.9999850080486299,0.9936022804766562,17.892432437012715,4.874439496345777,3.6104574893765897,182.0700083562386,183.29733475749015,195.5690048430067,270.2425309468666,196.88732742165286,378.48188924172865,354.5995962164881,406.5432143292902,10012.809371797182,380.8902453286144
13740,125781,1,1.03119961762149,1.03119961762149,0.001338089752314,52681,6226250,5,0.989691408240194,0.001067469354321,6213218,0.9977,0.002,129,,,5,1,,,230116930,129,0.989691408240194,0.001067469354321,230103898,0.9966,0.0135,0.9588704726826274,1.0209502937975168,12496,80580.6873248374,394255.67360737,23166.9635459329,0.992096631837963,17.713966644306623,1.8669429097605892,863333.521067101,867383.947580229,4866,18.37863019279111,4.9242329230230855,3.7439430337051256,182.28004239974564,183.44727104670164,196.93653697578478,270.2355913692167,198.1976183567422,378.43054564504007,354.8134668046744,408.8588095769219,10012.959485598862,383.342764819231,70.84507366482505,69393.8310762966,64956.7514863912,7157,96.17490156057524,4760.726825526363,175952.43391427785,12252,13032,2606.4,13032,101.02325581395348,1307.836015,3128261,0.001592615815132188,0.002819632309521423,0.0035227718417327166,0.001338089752314,0.0010762438879854468,0.0004007621728818844,0.0010737280771925108,0.0037961168110099497,6.592129256284866e-05,0.003923628236033267,0.00857808634973735,92813663.07250153,31.933386785143448,0.009051601413817735,0.0013784019095144867,0.016414798233199326,0.0024143336402994466,0.004414333640299447,0.008754533577160292,0.0019624184895458492,0.008980081188587716,0.0065126084726561525,0.02001260847265615,0.00948124781292174,0.0019221918805654029,0.01649678938733332,0.973378561952951,0.9962102840700576,0.982195284117731,0.9991798181695504,0.999779720399166,0.9945789782281722,1.0003476449781263,0.9951761181380442,0.9980643819073908,0.9998323772114156,0.9934686781223016,0.9998582314327741,0.9952285324858643,17.8893646277241,4.905571479071958,3.6772831917106057,182.13053962091578,183.40686135506138,195.86893972117068,270.3295374154672,197.24153646046827,377.69804863409354,354.75399198194134,406.1884210890424,10011.539962678897,381.51365727011705
12311,113078,1,1.03113208853217,1.03113208853217,0.001409278776511,47505,5614348,5,0.989705856282539,0.001094873395413,5602592,0.9978,0.0021,129,,,5,1,,,207343141,129,0.989705856282539,0.001094873395413,207331385,0.9957,0.0141,0.9578938414426675,1.0208952432481144,11261,71292.9307702973,352217.40121428,20887.0447671212,0.992092215827488,17.704074484814804,1.8807417488941818,776893.415493873,780322.954923463,4422,18.37863019279111,4.9242329230230855,3.7439430337051256,182.28004239974564,183.44727104670164,196.93653697578478,270.2355913692167,198.1976183567422,378.43054564504007,354.8134668046744,408.8588095769219,10012.959485598862,383.342764819231,70.28283429738006,62791.3222351068,58620.2675921495,6405,95.84607860587307,4758.779247322435,175746.1839674793,12253,11756,2351.2,11756,91.13178294573643,1179.787443,2815178,0.001684979400441756,0.0029737944097738595,0.0037452151006652588,0.001409278776511,0.0011345386087951309,0.00042203681392878167,0.0011320427002164716,0.0039907101519627555,6.944726763909078e-05,0.004130247734954426,0.009027065517774501,92808658.47710131,28.790751126035165,0.009524142422798178,0.0013784023279633816,0.017195046224813833,0.002543817385306131,0.0046438173853061305,0.009201906470622459,0.0020159798409901696,0.009438489428615337,0.006778391256186261,0.02087839125618626,0.009965624534178241,0.0019725320200062986,0.01726625820368198,0.9654977110306047,0.9929699977870198,0.9656034502944846,0.997353192586424,0.9975766843841261,0.993707865582821,1.0005007302816233,0.9939305405177594,1.001751065168429,1.001764328528585,0.9980896639357557,0.9992486041654055,0.9981028788183162,17.744525383017777,4.889615554677003,3.615164311051669,181.79758223217505,183.00272041008472,195.6973858134794,270.3709065129877,196.99466594264936,379.09320219218864,355.4394743264841,408.0777518478031,10005.43578954942,382.61551714024716
12717,116192,1,1.03219298494124,1.03219298494124,0.00139696502182,48688,5725232,5,0.989680981810342,0.001090941972417,5713277,0.9977,0.0021,129,,,5,1,,1.0,211369616,129,0.989680981810342,0.001090941972417,211357661,0.9962,0.0141,0.955918025930573,1.0219193408677412,11428,72636.7049566444,358534.693904413,21296.0003931544,0.99211360394443,17.75208840812814,1.8607277289836888,792966.11788035,796761.092964313,4449,18.37863019279111,4.9242329230230855,3.7439430337051256,182.28004239974564,183.44727104670164,196.93653697578478,270.2355913692167,198.1976183567422,378.43054564504007,354.8134668046744,408.8588095769219,10012.959485598862,383.342764819231,70.11643663739021,63860.7641737382,59727.4109116718,6498,96.85624616067645,4772.484163444832,176195.15593314217,12254,11955,2391.0,11955,92.67441860465117,1199.633525,2873183,0.0016700689687341728,0.002933674233047328,0.0037104102629052127,0.00139696502182,0.0011229817139209867,0.00041792991151484433,0.001120304139432069,0.003957153931420493,6.878262099370089e-05,0.004091788292619476,0.00894237540374443,92901758.26070374,29.354450506560017,0.00945575825835846,0.001378402045903442,0.017151423635922418,0.0025199467357409867,0.004619946735740987,0.00911740960968671,0.002006531555356323,0.009356129434269684,0.006732520998912694,0.020832520998912692,0.00987548162359504,0.0019637297473564493,0.017214387508649946,0.9659128541075747,1.0018988203556014,0.9664965120598631,0.9973903462741,0.9980827303665795,0.9968234277355211,1.0006524951101314,0.9975154182755873,0.9981993515466111,0.999531333622192,0.997631973167922,0.9990703821458281,0.9989631981423994,17.752155144106506,4.933583156733045,3.6185078834268265,181.80435460793993,183.09555316458994,196.31095383456497,270.4119187711686,197.70518017635092,377.74912526830923,354.6471776623896,407.89062094531226,10003.65125968795,382.94531432856866
12703,116662,1,1.03066664451502,1.03066664451502,0.001388871607406,48901,5775639,5,0.989667756714575,0.00108915045833,5763594,0.9977,0.0021,129,,,5,1,,,213315269,129,0.989667756714575,0.00108915045833,213303224,0.995,0.0139,0.9557492735574927,1.0203916561915802,11512,74754.857963069,371733.105490946,21493.5549429446,0.992126937253088,17.78215219419077,1.8613532586135326,798295.509027143,802316.419657577,4484,18.37863019279111,4.9242329230230855,3.7439430337051256,182.28004239974564,183.44727104670164,196.93653697578478,270.2355913692167,198.1976183567422,378.43054564504007,354.8134668046744,408.8588095769219,10012.959485598862,383.342764819231,70.0637608966376,64452.633791171,60219.2224132009,6542,96.51737205806674,4778.329689496842,176481.02367300054,12255,12045,2409.0,12045,93.37209302325581,1208.715048,2894870,0.0016401530657930948,0.0029277587746066552,0.0036574659333373483,0.001388871607406,0.0011192269446606226,0.0004161021692075978,0.0011164188479712745,0.003938942721061822,6.846821857620879e-05,0.004075045181936563,0.0089081150151034,92762877.8355982,29.626756592910453,0.009421929923574721,0.0013784018826325422,0.016981160374117454,0.0025080985520666227,0.004608098552066623,0.009083345959798081,0.002000524207924742,0.009322938046848757,0.006706216210871907,0.020606216210871907,0.009837162936107733,0.0019579693532404048,0.017028792518306506,0.9924271363696898,0.9962955288936561,0.9868875399782824,0.9963246035414898,0.9972653790098203,0.9944613842231497,1.0001734921698253,0.9954004003541911,0.9996557790172148,1.001170313524683,0.9977863300921007,0.9989861508250613,0.9992980322797179,18.2394513326292,4.905991244438839,3.694850730352079,181.61009097745253,182.94561228870614,195.84578116505241,270.2824751283274,197.28598866154834,378.3002819107022,355.22870980361563,407.9537311335819,10002.807854885692,383.0736705725242
10049,92769,1,1.03198473563736,1.03198473563736,0.001558070909138,39304,4600925,5,0.989678389427984,0.001152398778866,4591327,0.9977,0.0023,129,,,5,1,,,169849028,129,0.989678389427984,0.001152398778866,169839430,0.9953,0.0155,0.9597832881850386,1.0217041243961082,9212,62592.4000972862,290200.828056364,17120.2195222953,0.992123984000065,17.77548445827848,1.8660137528651803,638608.954576409,641327.517859244,3582,18.37863019279111,4.9242329230230855,3.7439430337051256,182.28004239974564,183.44727104670164,196.93653697578478,270.2355913692167,198.1976183567422,378.43054564504007,354.8134668046744,408.8588095769219,10012.959485598862,383.342764819231,70.7900604292561,51261.4731602426,47965.9926273163,5267,96.31967134314839,4777.022322914713,176349.8857906543,12256,9598,1919.6,9598,74.40310077519379,963.136592,2313232,0.001856310735636852,0.0032832092481526326,0.0039970464713596785,0.001558070909138,0.0012513606612552365,0.0004662055325505267,0.0012487056091572797,0.004416766687518652,7.673057753704426e-05,0.004565972398351841,0.010000412915223252,92882193.12691893,23.59856201089888,0.010510228826198172,0.0013784030040003546,0.018928911746967356,0.0028094315703932364,0.005109431570393236,0.01017222477237334,0.0021318835326226185,0.01042900555276896,0.007353240600202662,0.022853240600202662,0.011018896554878949,0.0020816981960927825,0.01901752037693461,0.9685834561410241,0.9943929992276642,1.0327374715921827,0.9993493541139201,0.9995168045852605,0.9945583091605243,1.0002772697325664,0.9947249568468001,0.9968872878885813,0.9995867631591057,0.9921080464850803,0.9986212125947846,0.9947945800277512,17.80123715127139,4.896622745220534,3.8665102624137977,182.1614426400438,183.3586301664854,195.8648692265656,270.3105195193656,197.15211736704893,377.25260030228,354.6668448085453,405.6321148575754,9999.153743171186,381.3473047350239
11005,106874,1,1.03004450661049,1.03004450661049,0.001449266156535,45041,5299215,5,0.989663211223726,0.001113176698987,5288170,0.9977,0.0022,129,,,5,1,,,195660316,129,0.989663211223726,0.001113176698987,195649271,0.9966,0.0146,0.958985966500679,1.0197717543153964,10592,67170.1967268548,335562.519109382,19711.6826433697,0.992128730008131,17.786202244951635,1.8655500226346764,735257.095436324,738721.625829574,4121,18.37863019279111,4.9242329230230855,3.7439430337051256,182.28004239974564,183.44727104670164,196.93653697578478,270.2355913692167,198.1976183567422,378.43054564504007,354.8134668046744,408.8588095769219,10012.959485598862,383.342764819231,70.52077863286554,59451.3824311728,55575.0800609598,6038,96.4343132505915,4781.576054907959,176547.7871498561,12257,11045,2209.0,11045,85.62015503875969,1108.256972,2664093,0.001726288100802974,0.0030588907622410228,0.0038584394549884904,0.001449266156535,0.0011662197390410365,0.00043440441446997705,0.0011634817982503808,0.00410127623137354,7.149054777035537e-05,0.004241895364417088,0.009318416520284938,92706523.11958149,27.170627187423683,0.009814227737334497,0.0013784022239430817,0.017770715269075237,0.002615485895576037,0.0048154858955760365,0.009491730485817654,0.0020467223255587895,0.009743354022891719,0.006928944611554471,0.021528944611554468,0.010273915799815611,0.0020013685270460014,0.017852544520647495,0.9735456721297672,0.9950998120275037,0.9621051884461232,1.0012035777084578,1.0018250222983078,0.9953571841194373,1.0006245094427537,0.9959749998672147,1.0060458393784206,1.0064706497607185,1.0001711700538611,0.9991347190506009,1.0005934998130863,17.892435883865254,4.900103256079918,3.60206701797442,182.4994305954747,183.7820664069256,196.0221968944506,270.4043560477949,197.39987291653858,380.71847593989804,357.1093404787538,408.9287939613788,10004.295462508868,383.5702786784992
13569,124038,1,1.03046208961225,1.03046208961225,0.001347296088126,52114,6131273,5,0.989634500707943,0.001074329010214,6118487,0.9977,0.002,129,,,5,1,,,226791986,129,0.989634500707943,0.001074329010214,226779200,0.9962,0.0136,0.9590176755826686,1.0201725551997338,12262,78513.498619891,388494.382991277,22846.1426827826,0.992138109453577,17.807421659373873,1.8633661817613016,851230.006015215,856146.382875593,4765,18.37863019279111,4.9242329230230855,3.7439430337051256,182.28004239974564,183.44727104670164,196.93653697578478,270.2355913692167,198.1976183567422,378.43054564504007,354.8134668046744,408.8588095769219,10012.959485598862,383.342764819231,70.65438761145002,68828.26780676,64311.3983465527,7003,96.68139599994788,4779.01959800052,176772.97125139582,12258,12786,2557.2,12786,99.11627906976744,1282.956237,3089772,0.001604381435311306,0.0028393741391695487,0.003568846220491101,0.001347296088126,0.0010838683581200037,0.0004038542643935889,0.0010807518482446575,0.0038116812873502763,6.640276259185874e-05,0.003943265541281329,0.008660884408536068,92742959.56361216,31.49115865553782,0.009135582760902818,0.0013784015576341839,0.016548446613383512,0.0024311644462460037,0.004431164446246003,0.008836610221647284,0.0019693389422628213,0.009060114801111588,0.006537378932920383,0.02013737893292038,0.009562417258618438,0.001928628250732575,0.01662527665417703,0.9724336450324177,0.9967453608873591,0.9706372636645555,0.9996794673173665,1.001358911689607,0.9942120061180519,0.9988872685393998,0.9958822652491806,1.0045078401098477,1.0048795200823304,0.9990139715051979,0.9992076338798859,0.9993836186802746,17.871998349078705,4.90820632195206,3.6340106215515178,182.2216156887647,183.69655968775348,195.7966695046369,269.9348917249263,197.38149313610498,380.13645003749036,356.5447862414291,408.45566314032817,10005.025555740398,383.1064794999445
